{
    "providers": {
        "awscloudformation": {
            "AuthRoleName": "amplify-samsonloftingithubio-production-102136-authRole",
            "UnauthRoleArn": "arn:aws:iam::672351444813:role/amplify-samsonloftingithubio-production-102136-unauthRole",
            "AuthRoleArn": "arn:aws:iam::672351444813:role/amplify-samsonloftingithubio-production-102136-authRole",
            "Region": "us-west-2",
            "DeploymentBucketName": "amplify-samsonloftingithubio-production-102136-deployment",
            "UnauthRoleName": "amplify-samsonloftingithubio-production-102136-unauthRole",
            "StackName": "amplify-samsonloftingithubio-production-102136",
            "StackId": "arn:aws:cloudformation:us-west-2:672351444813:stack/amplify-samsonloftingithubio-production-102136/07c0fb80-992c-11ea-9577-02ccdf8c0a60",
            "AmplifyAppId": "dlvgts7mynrmd"
        }
    },
    "hosting": {
        "amplifyhosting": {
            "service": "amplifyhosting",
            "type": "cicd",
            "lastPushTimeStamp": "2020-05-18T17:22:09.126Z"
        }
    }
}